Time_s,LeftRight_deg,Vertical_deg
1.4966487083293,19.7826185730147,17.3808430653006
1.99632070833468,12.222408535684,27.7501956799175
2.49599420835148,10.2189936148821,17.2707379003104
2.99566720833536,33.4265206456622,12.8819030878507
3.49533937501837,19.9829299785975,13.8120115382863
3.99501237500226,3.19249381452492,8.26532645774162
4.49468450000859,6.14900909720614,2.828201604831
