Time_s,LeftRight_deg,Vertical_deg
1.99580562498886,12.3178183536567,16.3995626023408
2.49543745833216,18.4406530161979,19.2961865640469
2.995069458324,42.1028579341464,43.8334643007349
3.49470145831583,32.0593733367433,48.7398725307231
3.99433245832915,10.9181698315903,34.3022050539563
4.49396470832289,12.3792728439699,20.954713354458
4.99359670831473,25.3523257192202,22.4755145715834
